create database HotelManagement;
use HotelManagement;
CREATE TABLE Hotels (
    hotel_id INT PRIMARY KEY,
    hotel_name VARCHAR(255),
    address VARCHAR(255),
    city VARCHAR(100),
    country VARCHAR(100),
    phone VARCHAR(20)
);

CREATE TABLE Rooms (
    room_id INT PRIMARY KEY,
    hotel_id INT,
    room_number INT,
    room_type VARCHAR(100),
    price_per_night DECIMAL(10, 2),
    availability BOOLEAN,
    FOREIGN KEY (hotel_id) REFERENCES Hotels(hotel_id)
);

CREATE TABLE Guests (
    guest_id INT PRIMARY KEY,
    first_name VARCHAR(100),
    last_name VARCHAR(100),
    email VARCHAR(100),
    phone VARCHAR(20),
    address VARCHAR(255),
    city VARCHAR(100),
    country VARCHAR(100)
);

CREATE TABLE Bookings (
    booking_id INT PRIMARY KEY,
    guest_id INT,
    room_id INT,
    check_in_date DATE,
    check_out_date DATE,
    total_price DECIMAL(10, 2),
    FOREIGN KEY (guest_id) REFERENCES Guests(guest_id),
    FOREIGN KEY (room_id) REFERENCES Rooms(room_id)
);

CREATE TABLE Bills (
    bill_id INT PRIMARY KEY,
    booking_id INT,
    amount_due DECIMAL(10, 2),
    payment_status BOOLEAN,
    FOREIGN KEY (booking_id) REFERENCES Bookings(booking_id)
);

-- Insertion in Hotels

INSERT INTO Hotels (hotel_id, hotel_name, address, city, country, phone)
VALUES 
(1, 'Grand Hotel', '123 Main Street', 'New York', 'United States', '123-456-7890'),
(2, 'Park Plaza', '456 Elm Street', 'London', 'United Kingdom', '987-654-3210'),
(3, 'Luxury Resort', '789 Park Avenue', 'Paris', 'France', '111-222-3333'),
(4, 'Seaside Inn', '321 Oak Road', 'Miami', 'United States', '555-444-3333'),
(5, 'Mountain View Lodge', '567 Pine Street', 'Vancouver', 'Canada', '888-777-6666'),
(6, 'Riverside Retreat', '789 Elm Avenue', 'Sydney', 'Australia', '222-333-4444'),
(7, 'Maple Hotel', '345 Maple Lane', 'Toronto', 'Canada', '999-888-7777'),
(8, 'Cedar Springs Resort', '890 Cedar Street', 'Calgary', 'Canada', '777-666-5555'),
(9, 'Oakside Retreat', '234 Oak Avenue', 'Melbourne', 'Australia', '333-444-5555'),
(10, 'Elmwood Inn', '678 Elm Road', 'Auckland', 'New Zealand', '666-555-4444'),
(11, 'Oceanfront Resort', '789 Maple Street', 'Honolulu', 'United States', '555-111-2222'),
(12, 'Garden Oasis Hotel', '345 Elm Avenue', 'Singapore', 'Singapore', '222-333-4444'),
(13, 'Sunset Beach Resort', '567 Beach Road', 'Bali', 'Indonesia', '111-222-3333'),
(14, 'Mountain Valley Lodge', '890 Mountain View Drive', 'Denver', 'United States', '444-555-6666'),
(15, 'Harbor View Inn', '123 Harbor Street', 'San Francisco', 'United States', '999-888-7777'),
(16, 'Palm Oasis Resort', '456 Palm Road', 'Dubai', 'United Arab Emirates', '333-444-5555'),
(17, 'Lakeside Retreat', '789 Lakeview Avenue', 'Stockholm', 'Sweden', '777-666-5555'),
(18, 'Beachfront Resort', '321 Beach Road', 'Rio de Janeiro', 'Brazil', '888-999-1111'),
(19, 'Skyline Hotel', '567 High Street', 'Berlin', 'Germany', '555-666-7777'),
(20, 'Mountain Hideaway', '890 Forest Avenue', 'Zurich', 'Switzerland', '222-333-4444'),
(21, 'Riverside Lodge', '234 River Road', 'Bangkok', 'Thailand', '999-888-7777'),
(22, 'Central Plaza Hotel', '678 Central Avenue', 'Hong Kong', 'China', '444-555-6666'),
(23, 'Lakeview Resort', '789 Lake Road', 'Oslo', 'Norway', '111-222-3333'),
(24, 'Coastal Retreat', '345 Coastal Avenue', 'Cape Town', 'South Africa', '777-666-5555'),
(25, 'Royal Palace Hotel', '678 Palace Road', 'Rome', 'Italy', '555-444-3333'),
(26, 'Tropical Paradise Resort', '890 Palm Avenue', 'Phuket', 'Thailand', '555-444-3333'),
(27, 'City Center Hotel', '234 City Road', 'Tokyo', 'Japan', '222-333-4444'),
(28, 'Marina View Inn', '567 Marina Street', 'Barcelona', 'Spain', '999-888-7777'),
(29, 'Meadowside Lodge', '890 Meadow Lane', 'Amsterdam', 'Netherlands', '333-444-5555'),
(30, 'Sunshine Resort', '123 Sunshine Road', 'Cancun', 'Mexico', '777-666-5555'),
(31, 'Alpine Retreat', '456 Alpine Avenue', 'Munich', 'Germany', '111-222-3333'),
(32, 'Urban Oasis Hotel', '789 Urban Street', 'New Delhi', 'India', '444-555-6666'),
(33, 'Garden View Inn', '321 Garden Road', 'Rio de Janeiro', 'Brazil', '888-999-1111'),
(34, 'Lakefront Resort', '567 Lakeview Drive', 'Stockholm', 'Sweden', '222-333-4444'),
(35, 'Beachside Lodge', '890 Beach Road', 'Phuket', 'Thailand', '999-888-7777'),
(36, 'Downtown Hotel', '234 Downtown Avenue', 'New York', 'United States', '555-666-7777'),
(37, 'Mountain Vista Inn', '678 Mountain Road', 'Cape Town', 'South Africa', '111-222-3333'),
(38, 'Riverfront Resort', '789 River Drive', 'Paris', 'France', '777-666-5555'),
(39, 'Island Paradise Hotel', '345 Island Street', 'Bali', 'Indonesia', '333-444-5555'),
(40, 'Cozy Cottage Inn', '567 Cozy Lane', 'London', 'United Kingdom', '888-999-1111'),
(41, 'Sky Tower Hotel', '890 Sky Tower Road', 'Tokyo', 'Japan', '222-333-4444'),
(42, 'Lakeside Lodge', '123 Lakeside Avenue', 'Sydney', 'Australia', '999-888-7777'),
(43, 'Riverside Inn', '456 Riverside Road', 'Amsterdam', 'Netherlands', '555-666-7777'),
(44, 'Seaview Resort', '789 Seaview Street', 'Cancun', 'Mexico', '111-222-3333'),
(45, 'Urban Retreat', '321 Urban Avenue', 'Berlin', 'Germany', '444-555-6666'),
(46, 'Harmony Hotel', '567 Harmony Lane', 'Hong Kong', 'China', '888-999-1111'),
(47, 'Palm Beach Resort', '890 Palm Beach Road', 'Barcelona', 'Spain', '333-444-5555'),
(48, 'Valley View Lodge', '234 Valley Road', 'Munich', 'Germany', '777-666-5555'),
(49, 'Cityscape Hotel', '678 Cityscape Street', 'Dubai', 'United Arab Emirates', '111-222-3333'),
(50, 'Lakefront Inn', '890 Lakefront Drive', 'Oslo', 'Norway', '555-444-3333');

-- Insertion in Rooms

INSERT INTO Rooms (room_id, hotel_id, room_number, room_type, price_per_night, availability)
VALUES
(1, 1, 101, 'Standard', 100.00, 1),
(2, 1, 102, 'Deluxe', 150.00, 1),
(3, 2, 201, 'Standard', 120.00, 1),
(4, 2, 202, 'Executive Suite', 250.00, 0),
(5, 3, 301, 'Standard', 90.00, 1),
(6, 3, 302, 'Premium', 180.00, 1),
(7, 4, 401, 'Standard', 100.00, 1),
(8, 4, 402, 'Deluxe Suite', 300.00, 1),
(9, 5, 501, 'Standard', 95.00, 0),
(10, 5, 502, 'Executive', 200.00, 1),
(11, 1, 103, 'Standard', 100.00, 1),
(12, 1, 104, 'Deluxe', 150.00, 1),
(13, 2, 203, 'Standard', 120.00, 1),
(14, 2, 204, 'Executive Suite', 250.00, 0),
(15, 3, 303, 'Standard', 90.00, 1),
(16, 3, 304, 'Premium', 180.00, 1),
(17, 4, 403, 'Standard', 100.00, 1),
(18, 4, 404, 'Deluxe Suite', 300.00, 1),
(19, 5, 503, 'Standard', 95.00, 0),
(20, 5, 504, 'Executive', 200.00, 1),
(21, 6, 601, 'Standard', 100.00, 1),
(22, 6, 602, 'Deluxe', 150.00, 1),
(23, 7, 701, 'Standard', 120.00, 1),
(24, 7, 702, 'Executive Suite', 250.00, 0),
(25, 8, 801, 'Standard', 90.00, 1),
(26, 8, 802, 'Premium', 180.00, 1),
(27, 9, 901, 'Standard', 100.00, 1),
(28, 9, 902, 'Deluxe Suite', 300.00, 1),
(29, 10, 1001, 'Standard', 95.00, 0),
(30, 10, 1002, 'Executive', 200.00, 1),
(31, 11, 1101, 'Standard', 100.00, 1),
(32, 11, 1102, 'Deluxe', 150.00, 1),
(33, 12, 1201, 'Standard', 120.00, 1),
(34, 12, 1202, 'Executive Suite', 250.00, 0),
(35, 13, 1301, 'Standard', 90.00, 1),
(36, 13, 1302, 'Premium', 180.00, 1),
(37, 14, 1401, 'Standard', 100.00, 1),
(38, 14, 1402, 'Deluxe Suite', 300.00, 1),
(39, 15, 1501, 'Standard', 95.00, 0),
(40, 15, 1502, 'Executive', 200.00, 1),
(41, 16, 1601, 'Standard', 100.00, 1),
(42, 16, 1602, 'Deluxe', 150.00, 1),
(43, 17, 1701, 'Standard', 120.00, 1),
(44, 17, 1702, 'Executive Suite', 250.00, 0),
(45, 18, 1801, 'Standard', 90.00, 1),
(46, 18, 1802, 'Premium', 180.00, 1),
(47, 19, 1901, 'Standard', 100.00, 1),
(48, 19, 1902, 'Deluxe Suite', 300.00, 1),
(49, 20, 2001, 'Standard', 95.00, 0),
(50, 20, 2002, 'Executive', 200.00, 1);
-- Insertion in Guests

INSERT INTO Guests (guest_id, first_name, last_name, email, phone, address, city, country)
VALUES
(1, 'Muhammad', 'Ali', 'muhammad.ali@example.com', '123-456-7890', '123 Main Street', 'New York City', 'USA'),
(2, 'Fatima', 'Khan', 'fatima.khan@example.com', '987-654-3210', '456 Elm Street', 'London', 'UK'),
(3, 'Ahmed', 'Hassan', 'ahmed.hassan@example.com', '111-222-3333', '789 Park Avenue', 'Paris', 'France'),
(4, 'Aisha', 'Ahmed', 'aisha.ahmed@example.com', '555-444-3333', '321 Oak Road', 'Rome', 'Italy'),
(5, 'Ali', 'Hassan', 'ali.hassan@example.com', '888-777-6666', '567 Pine Street', 'Sydney', 'Australia'),
(6, 'Zainab', 'Khan', 'zainab.khan@example.com', '222-333-4444', '789 Elm Avenue', 'Tokyo', 'Japan'),
(7, 'Hassan', 'Ali', 'hassan.ali@example.com', '999-888-7777', '345 Maple Lane', 'Berlin', 'Germany'),
(8, 'Sara', 'Ahmed', 'sara.ahmed@example.com', '777-666-5555', '890 Cedar Street', 'Barcelona', 'Spain'),
(9, 'Hamza', 'Khan', 'hamza.khan@example.com', '333-444-5555', '234 Oak Avenue', 'Toronto', 'Canada'),
(10, 'Mariam', 'Ali', 'mariam.ali@example.com', '666-555-4444', '678 Elm Road', 'Moscow', 'Russia'),
(11, 'Abdullah', 'Hassan', 'abdullah.hassan@example.com', '111-222-3333', '123 Elm Street', 'Rio de Janeiro', 'Brazil'),
(12, 'Nadia', 'Khan', 'nadia.khan@example.com', '555-666-7777', '456 Oak Lane', 'Cape Town', 'South Africa'),
(13, 'Hassan', 'Ahmed', 'hassan.ahmed@example.com', '777-888-9999', '789 Maple Avenue', 'Dubai', 'UAE'),
(14, 'Aisha', 'Ali', 'aisha.ali@example.com', '222-333-4444', '567 Elm Road', 'Mumbai', 'India'),
(15, 'Zain', 'Khan', 'zain.khan@example.com', '999-888-7777', '345 Cedar Street', 'Amsterdam', 'Netherlands'),
(16, 'Sana', 'Khan', 'sana.khan@example.com', '222-333-4444', '789 Oak Lane', 'Seoul', 'South Korea'),
(17, 'Hassan', 'Ali', 'hassan.ali@example.com', '999-888-7777', '345 Cedar Street', 'Athens', 'Greece'),
(18, 'Sara', 'Ahmed', 'sara.ahmed@example.com', '777-666-5555', '890 Cedar Street', 'Vienna', 'Austria'),
(19, 'Hamza', 'Khan', 'hamza.khan@example.com', '333-444-5555', '234 Oak Avenue', 'Stockholm', 'Sweden'),
(20, 'Mariam', 'Ali', 'mariam.ali@example.com', '666-555-4444', '678 Elm Road', 'Cairo', 'Egypt'),
(21, 'Abdullah', 'Hassan', 'abdullah.hassan@example.com', '111-222-3333', '123 Elm Street', 'Dublin', 'Ireland'),
(22, 'Nadia', 'Khan', 'nadia.khan@example.com', '555-666-7777', '456 Oak Lane', 'Santiago', 'Chile'),
(23, 'Hassan', 'Ahmed', 'hassan.ahmed@example.com', '777-888-9999', '789 Maple Avenue', 'Singapore', 'Singapore'),
(24, 'Aisha', 'Ali', 'aisha.ali@example.com', '222-333-4444', '567 Elm Road', 'Kuala Lumpur', 'Malaysia'),
(25, 'Zain', 'Khan', 'zain.khan@example.com', '999-888-7777', '345 Cedar Street', 'Istanbul', 'Turkey'),
(26, 'Sana', 'Khan', 'sana.khan@example.com', '222-333-4444', '789 Oak Lane', 'Jerusalem', 'Israel'),
(27, 'Hassan', 'Ali', 'hassan.ali@example.com', '999-888-7777', '345 Cedar Street', 'Lisbon', 'Portugal'),
(28, 'Sara', 'Ahmed', 'sara.ahmed@example.com', '777-666-5555', '890 Cedar Street', 'Bangkok', 'Thailand'),
(29, 'Hamza', 'Khan', 'hamza.khan@example.com', '333-444-5555', '234 Oak Avenue', 'Buenos Aires', 'Argentina'),
(30, 'Mariam', 'Ali', 'mariam.ali@example.com', '666-555-4444', '678 Elm Road', 'Copenhagen', 'Denmark'),
(31, 'Abdullah', 'Hassan', 'abdullah.hassan@example.com', '111-222-3333', '123 Elm Street', 'Helsinki', 'Finland'),
(32, 'Nadia', 'Khan', 'nadia.khan@example.com', '555-666-7777', '456 Oak Lane', 'Oslo', 'Norway'),
(33, 'Hassan', 'Ahmed', 'hassan.ahmed@example.com', '777-888-9999', '789 Maple Avenue', 'Warsaw', 'Poland'),
(34, 'Aisha', 'Ali', 'aisha.ali@example.com', '222-333-4444', '567 Elm Road', 'Lima', 'Peru'),
(35, 'Zain', 'Khan', 'zain.khan@example.com', '999-888-7777', '345 Cedar Street', 'Prague', 'Czech Republic'),
(36, 'Sana', 'Khan', 'sana.khan@example.com', '222-333-4444', '789 Oak Lane', 'Vienna', 'Austria'),
(37, 'Hassan', 'Ali', 'hassan.ali@example.com', '999-888-7777', '345 Cedar Street', 'Stockholm', 'Sweden'),
(38, 'Sara', 'Ahmed', 'sara.ahmed@example.com', '777-666-5555', '890 Cedar Street', 'Cairo', 'Egypt'),
(39, 'Hamza', 'Khan', 'hamza.khan@example.com', '333-444-5555', '234 Oak Avenue', 'Dublin', 'Ireland'),
(40, 'Mariam', 'Ali', 'mariam.ali@example.com', '666-555-4444', '678 Elm Road', 'Santiago', 'Chile'),
(41, 'Abdullah', 'Hassan', 'abdullah.hassan@example.com', '111-222-3333', '123 Elm Street', 'Singapore', 'Singapore'),
(42, 'Nadia', 'Khan', 'nadia.khan@example.com', '555-666-7777', '456 Oak Lane', 'Kuala Lumpur', 'Malaysia'),
(43, 'Hassan', 'Ahmed', 'hassan.ahmed@example.com', '777-888-9999', '789 Maple Avenue', 'Istanbul', 'Turkey'),
(44, 'Aisha', 'Ali', 'aisha.ali@example.com', '222-333-4444', '567 Elm Road', 'Pakistan', 'Lahore'),
(45, 'Zain', 'Khan', 'zain.khan@example.com', '999-888-7777', '345 Cedar Street', 'Lisbon', 'Portugal'),
(46, 'Sana', 'Khan', 'sana.khan@example.com', '222-333-4444', '789 Oak Lane', 'Bangkok', 'Thailand'),
(47, 'Hassan', 'Ali', 'hassan.ali@example.com', '999-888-7777', '345 Cedar Street', 'Buenos Aires', 'Argentina'),
(48, 'Sara', 'Ahmed', 'sara.ahmed@example.com', '777-666-5555', '890 Cedar Street', 'Copenhagen', 'Denmark'),
(49, 'Hamza', 'Khan', 'hamza.khan@example.com', '333-444-5555', '234 Oak Avenue', 'Helsinki', 'Finland'),
(50, 'Mariam', 'Ali', 'mariam.ali@example.com', '666-555-4444', '678 Elm Road', 'Oslo', 'Norway');
-- Insertion in Bookings


INSERT INTO Bookings (booking_id, guest_id, room_id, check_in_date, check_out_date, total_price)
VALUES
(1, 1, 10, '2023-06-20', '2023-06-02', 320.00),
(2, 2, 10, '2023-06-21', '2023-06-06', 980.00),
(3, 3, 12, '2023-06-22', '2023-06-01', 230.00),
(4, 4, 14, '2023-06-23', '2023-06-10', 550.00),
(5, 5, 16, '2023-06-24', '2023-07-07', 420.00),
(6, 6, 10, '2023-06-25', '2023-06-12', 550.00),
(7, 7, 12, '2023-06-26', '2023-06-28', 280.00),
(8, 8, 14, '2023-06-27', '2023-06-29', 220.00),
(9, 9, 16, '2023-06-28', '2023-07-02', 480.00),
(10, 10, 18, '2023-06-29', '2023-07-01', 230.00),
(11, 11, 20, '2023-06-30', '2023-07-05', 600.00),
(12, 12, 22, '2023-07-01', '2023-07-03', 260.00),
(13, 13, 24, '2023-07-02', '2023-07-04', 200.00),
(14, 14, 26, '2023-07-03', '2023-07-07', 520.00),
(15, 15, 28, '2023-07-04', '2023-07-06', 250.00),
(16, 16, 30, '2023-07-05', '2023-07-10', 700.00),
(17, 17, 32, '2023-07-06', '2023-07-08', 300.00),
(18, 18, 34, '2023-07-07', '2023-07-09', 240.00),
(19, 19, 36, '2023-07-08', '2023-07-13', 650.00),
(20, 20, 38, '2023-07-09', '2023-07-11', 280.00),
(21, 21, 40, '2023-07-10', '2023-07-12', 220.00),
(22, 22, 42, '2023-07-11', '2023-07-15', 550.00),
(23, 23, 44, '2023-07-12', '2023-07-14', 260.00),
(24, 24, 46, '2023-07-13', '2023-07-15', 200.00),
(25, 25, 48, '2023-07-14', '2023-07-18', 500.00),
(26, 26, 50, '2023-07-15', '2023-07-17', 240.00),
(27, 27, 1, '2023-07-16', '2023-07-19', 600.00),
(28, 28, 3, '2023-07-17', '2023-07-19', 280.00),
(29, 29, 5, '2023-07-18', '2023-07-20', 220.00),
(30, 30, 7, '2023-07-19', '2023-07-24', 650.00),
(31, 31, 9, '2023-07-20', '2023-07-22', 280.00),
(32, 32, 11, '2023-07-21', '2023-07-23', 220.00),
(33, 33, 13, '2023-07-22', '2023-07-26', 550.00),
(34, 34, 15, '2023-07-23', '2023-07-25', 260.00),
(35, 35, 17, '2023-07-24', '2023-07-26', 200.00),
(36, 36, 19, '2023-07-25', '2023-07-29', 500.00),
(37, 37, 21, '2023-07-26', '2023-07-28', 240.00),
(38, 38, 23, '2023-07-27', '2023-07-30', 600.00),
(39, 39, 25, '2023-07-28', '2023-07-30', 280.00),
(40, 40, 27, '2023-07-29', '2023-07-31', 220.00),
(41, 41, 29, '2023-07-30', '2023-08-04', 650.00),
(42, 42, 31, '2023-07-31', '2023-08-02', 280.00),
(43, 43, 33, '2023-08-01', '2023-08-03', 220.00),
(44, 44, 35, '2023-08-02', '2023-08-06', 550.00),
(45, 45, 37, '2023-08-03', '2023-08-05', 260.00),
(46, 46, 39, '2023-08-04', '2023-08-06', 200.00),
(47, 47, 41, '2023-08-05', '2023-08-09', 500.00),
(48, 48, 43, '2023-08-06', '2023-08-08', 240.00),
(49, 49, 45, '2023-08-07', '2023-08-10', 600.00),
(50, 50, 47, '2023-08-08', '2023-08-10', 280.00);
-- Insertion in Bill

INSERT INTO Bills (bill_id, booking_id, amount_due, payment_status)
VALUES
    (1, 1, 200.00, TRUE),
    (2, 2, 150.00, FALSE),
    (3, 3, 180.00, FALSE),
    (4, 4, 220.00, TRUE),
    (5, 5, 300.00, TRUE),
    (6, 6, 120.00, TRUE),
    (7, 7, 250.00, FALSE),
    (8, 8, 280.00, TRUE),
    (9, 9, 190.00, FALSE),
    (10, 10, 350.00, TRUE),
    (11, 11, 220.00, FALSE),
    (12, 12, 180.00, TRUE),
    (13, 13, 250.00, TRUE),
    (14, 14, 320.00, FALSE),
    (15, 15, 190.00, TRUE),
    (16, 16, 280.00, FALSE),
    (17, 17, 150.00, TRUE),
    (18, 18, 200.00, FALSE),
    (19, 19, 350.00, TRUE),
    (20, 20, 300.00, TRUE),
    (21, 21, 220.00, FALSE),
    (22, 22, 180.00, TRUE),
    (23, 23, 250.00, FALSE),
    (24, 24, 320.00, TRUE),
    (25, 25, 190.00, FALSE),
    (26, 26, 280.00, TRUE),
    (27, 27, 150.00, FALSE),
    (28, 28, 200.00, TRUE),
    (29, 29, 350.00, FALSE),
    (30, 30, 300.00, TRUE),
    (31, 31, 220.00, TRUE),
    (32, 32, 180.00, FALSE),
    (33, 33, 250.00, TRUE),
    (34, 34, 320.00, FALSE),
    (35, 35, 190.00, TRUE),
    (36, 36, 280.00, TRUE),
    (37, 37, 150.00, FALSE),
    (38, 38, 200.00, TRUE),
    (39, 39, 350.00, FALSE),
    (40, 40, 300.00, TRUE),
    (41, 41, 220.00, TRUE),
    (42, 42, 180.00, FALSE),
    (43, 43, 250.00, TRUE),
    (44, 44, 320.00, FALSE),
    (45, 45, 190.00, TRUE),
    (46, 46, 280.00, FALSE),
    (47, 47, 150.00, TRUE),
    (48, 48, 200.00, TRUE),
    (49, 49, 350.00, FALSE),
    (50, 50, 300.00, TRUE);

